100,https://res.cloudinary.com/dt4sawqjx/image/upload/v1463688895/uhcnefcfhk3zjd4nxdyf.jpg
101,https://res.cloudinary.com/dt4sawqjx/image/upload/v1463688896/kacwysf46kzjksium6wd.jpg
102,https://res.cloudinary.com/dt4sawqjx/image/upload/v1463688897/yy5ttr02jikgfdonkidn.jpg
104,https://res.cloudinary.com/dt4sawqjx/image/upload/v1463688898/vioybshphycn4t0o5mxe.jpg
106,https://res.cloudinary.com/dt4sawqjx/image/upload/v1463688899/xdpe1zbnsuvqa48dbvux.jpg
107,https://res.cloudinary.com/dt4sawqjx/image/upload/v1463688901/xloqqvyi16uzf78koz9b.jpg
109,https://res.cloudinary.com/dt4sawqjx/image/upload/v1463688902/whppvajcie2srjgzronf.jpg
110,https://res.cloudinary.com/dt4sawqjx/image/upload/v1463688903/jjo8y3a862c6d1dprf7r.jpg
113,https://res.cloudinary.com/dt4sawqjx/image/upload/v1463688904/lwxlkuhe3mr1uwewbtcn.jpg
114,https://res.cloudinary.com/dt4sawqjx/image/upload/v1463688905/cmetw5ubt8vwhyfqaa6n.jpg
115,https://res.cloudinary.com/dt4sawqjx/image/upload/v1463688906/cqalx2i0vqmx6j3fufuh.jpg
117,https://res.cloudinary.com/dt4sawqjx/image/upload/v1463688907/zbuythayzjopqglfqrng.jpg
118,https://res.cloudinary.com/dt4sawqjx/image/upload/v1463688908/b4lftxpj5tbtxeizcrkf.jpg
119,https://res.cloudinary.com/dt4sawqjx/image/upload/v1463688909/a7mh6qt8rdm6ebn8jazz.jpg
120,https://res.cloudinary.com/dt4sawqjx/image/upload/v1463688910/nx0rsezdpkxaxinjnoev.jpg
121,https://res.cloudinary.com/dt4sawqjx/image/upload/v1463688911/kbx8wfi3beaq2ihtibxr.jpg
122,https://res.cloudinary.com/dt4sawqjx/image/upload/v1463688912/zrmyvcgb1ihv3qqgmzvt.jpg
125,https://res.cloudinary.com/dt4sawqjx/image/upload/v1463688915/c0apn0poy5nhsrcj1axp.jpg
126,https://res.cloudinary.com/dt4sawqjx/image/upload/v1463688916/m180buor9e1uwxjuqk22.jpg
127,https://res.cloudinary.com/dt4sawqjx/image/upload/v1463688917/rqfh4xtpll45rcahxfqr.jpg
128,https://res.cloudinary.com/dt4sawqjx/image/upload/v1463688919/rfkyeai7twond2zwkket.jpg
129,https://res.cloudinary.com/dt4sawqjx/image/upload/v1463688920/ezz8ziy2qtbpf2keomsv.jpg
130,https://res.cloudinary.com/dt4sawqjx/image/upload/v1463688921/vqejq8obg0klw0odksst.jpg
131,https://res.cloudinary.com/dt4sawqjx/image/upload/v1463688922/m2poavubfn8rme1hlssv.jpg
132,https://res.cloudinary.com/dt4sawqjx/image/upload/v1463688924/t1dqnp0soic9msztcxis.jpg
133,https://res.cloudinary.com/dt4sawqjx/image/upload/v1463688925/p8cat64rajntrohx9dof.jpg
134,https://res.cloudinary.com/dt4sawqjx/image/upload/v1463688926/g0fvarop5rvnf8jd7frr.jpg
135,https://res.cloudinary.com/dt4sawqjx/image/upload/v1463688927/xrpvyr3vuxcncb0baauf.jpg
138,https://res.cloudinary.com/dt4sawqjx/image/upload/v1463688928/fufwyycbizsot1tqmko7.jpg
142,https://res.cloudinary.com/dt4sawqjx/image/upload/v1463688929/ol0fhp63prszcpzhpqut.jpg
143,https://res.cloudinary.com/dt4sawqjx/image/upload/v1463688930/wmpd8pmohurrcq9fh6vg.jpg
144,https://res.cloudinary.com/dt4sawqjx/image/upload/v1463688931/e5gv2l407dwjfgcczpxy.jpg
145,https://res.cloudinary.com/dt4sawqjx/image/upload/v1463688932/fyaoky99sky6hwe2has2.jpg
146,https://res.cloudinary.com/dt4sawqjx/image/upload/v1463688934/riuvyxgzemcb9kcdfsb2.jpg
147,https://res.cloudinary.com/dt4sawqjx/image/upload/v1463688936/g5fpisj8pgxt02kxztmf.jpg
148,https://res.cloudinary.com/dt4sawqjx/image/upload/v1463688937/xlvju5j8ckbbarf2pi8h.jpg
150,https://res.cloudinary.com/dt4sawqjx/image/upload/v1463688939/vnbxzxiop7oez3x7vkjk.jpg
151,https://res.cloudinary.com/dt4sawqjx/image/upload/v1463688941/hnrzq85gyyccqcbfh4me.jpg
152,https://res.cloudinary.com/dt4sawqjx/image/upload/v1463688942/q52st3pkg6dx0pftqext.jpg
154,https://res.cloudinary.com/dt4sawqjx/image/upload/v1463688943/nykpedoieardmggvnxxv.jpg
155,https://res.cloudinary.com/dt4sawqjx/image/upload/v1463688944/neckklyucwvoq4xgh3o9.jpg
156,https://res.cloudinary.com/dt4sawqjx/image/upload/v1463688945/ggvy3vfblq35vua04vvq.jpg
158,https://res.cloudinary.com/dt4sawqjx/image/upload/v1463688946/iturzj9smfzvzzlpszky.jpg
159,https://res.cloudinary.com/dt4sawqjx/image/upload/v1463688947/wofebckdsoczev26jpti.jpg
160,https://res.cloudinary.com/dt4sawqjx/image/upload/v1463688948/uo6ixqpsdyb853ba1ygh.jpg
161,https://res.cloudinary.com/dt4sawqjx/image/upload/v1463688949/cfdkogzpadevoekhqdxd.jpg
162,https://res.cloudinary.com/dt4sawqjx/image/upload/v1463688950/lzvu4ck21aasyb0mzltf.jpg
163,https://res.cloudinary.com/dt4sawqjx/image/upload/v1463688951/qs12k5jvnxliiemzwbv5.jpg
164,https://res.cloudinary.com/dt4sawqjx/image/upload/v1463688952/pyxb4hmtvsfvtulf3oxb.jpg
165,https://res.cloudinary.com/dt4sawqjx/image/upload/v1463688953/qiwtr6kwho6wnpr3ub7k.jpg
166,https://res.cloudinary.com/dt4sawqjx/image/upload/v1463688954/tbngekw6zwsp1iwxqtht.jpg
167,https://res.cloudinary.com/dt4sawqjx/image/upload/v1463688956/hhaoqvjd717npghtmk6d.jpg
168,https://res.cloudinary.com/dt4sawqjx/image/upload/v1463688957/yegozaajfu7rvhv3y8nt.jpg
169,https://res.cloudinary.com/dt4sawqjx/image/upload/v1463688958/wpneez0wkhyoq5m5eoxc.jpg
170,https://res.cloudinary.com/dt4sawqjx/image/upload/v1463688959/lyvrfzodnuyblzsfcev6.jpg
171,https://res.cloudinary.com/dt4sawqjx/image/upload/v1463688960/mufwrj3f6ipt8q48pltr.jpg
172,https://res.cloudinary.com/dt4sawqjx/image/upload/v1463688961/d7vnjuw1nsayrvo66pjw.jpg
173,https://res.cloudinary.com/dt4sawqjx/image/upload/v1463688962/higfm0bxcsjxlnfze3ag.jpg
174,https://res.cloudinary.com/dt4sawqjx/image/upload/v1463688963/lmfbr3jtz7hnilyni6pf.jpg
176,https://res.cloudinary.com/dt4sawqjx/image/upload/v1463688964/ddfoeyg4nhik8qfkkgx1.jpg
177,https://res.cloudinary.com/dt4sawqjx/image/upload/v1463688965/f04c4wgqrzvrbjtmr4tf.jpg
181,https://res.cloudinary.com/dt4sawqjx/image/upload/v1463688966/q50qprpsm3olwg12mdhf.jpg
185,https://res.cloudinary.com/dt4sawqjx/image/upload/v1463688967/amxkw7kw4hlvdeqkkxsy.jpg
186,https://res.cloudinary.com/dt4sawqjx/image/upload/v1463688968/d48jiscvn1nczwbnnj4s.jpg
187,https://res.cloudinary.com/dt4sawqjx/image/upload/v1463688968/zray9xiaie27qunz9d1t.jpg
188,https://res.cloudinary.com/dt4sawqjx/image/upload/v1463688970/ul5ckjzi4odemqfgmh1s.jpg
189,https://res.cloudinary.com/dt4sawqjx/image/upload/v1463688971/szggjd62qxqzehfperou.jpg
190,https://res.cloudinary.com/dt4sawqjx/image/upload/v1463688972/kqg7f5v8hkg5aozxmwa8.jpg
191,https://res.cloudinary.com/dt4sawqjx/image/upload/v1463688973/t3m5j4ehwoj2dwkipjyz.jpg
192,https://res.cloudinary.com/dt4sawqjx/image/upload/v1463688974/gcxptyybfqyfrkskskjc.jpg
195,https://res.cloudinary.com/dt4sawqjx/image/upload/v1463688975/aphphoqhqscc7ojkcvbq.jpg
196,https://res.cloudinary.com/dt4sawqjx/image/upload/v1463688976/oghwdgudz1bpw3cxapwi.jpg
197,https://res.cloudinary.com/dt4sawqjx/image/upload/v1463688977/keesbgxzhx2jyzuhvdud.jpg
199,https://res.cloudinary.com/dt4sawqjx/image/upload/v1463688978/dsfkkctvbdte0he1owj5.jpg
200,https://res.cloudinary.com/dt4sawqjx/image/upload/v1463688980/dom58mf3bm3ycm0anvl9.jpg
203,https://res.cloudinary.com/dt4sawqjx/image/upload/v1463688981/gvxt3jolbwpxny5x51zi.jpg
204,https://res.cloudinary.com/dt4sawqjx/image/upload/v1463688982/kjyhpxmrwxtv9mlheejy.jpg
205,https://res.cloudinary.com/dt4sawqjx/image/upload/v1463688983/u6xyflemj3a86xeuupey.jpg
209,https://res.cloudinary.com/dt4sawqjx/image/upload/v1463688984/byin4ym9iphum9rgt2sl.jpg
21,https://res.cloudinary.com/dt4sawqjx/image/upload/v1463688985/qc7uyhwjfhak15qmehtu.jpg
212,https://res.cloudinary.com/dt4sawqjx/image/upload/v1463688987/lqwghure8ggw824bw52j.jpg
213,https://res.cloudinary.com/dt4sawqjx/image/upload/v1463688988/r1hvza6mlxacsynmhmvm.jpg
214,https://res.cloudinary.com/dt4sawqjx/image/upload/v1463688989/toixvtaejxlb3ycaly1i.jpg
231,https://res.cloudinary.com/dt4sawqjx/image/upload/v1463688990/lzdoxmvav27zccrqch5d.jpg
232,https://res.cloudinary.com/dt4sawqjx/image/upload/v1463688991/uoio99dphyfbkkqjmqmy.jpg
234,https://res.cloudinary.com/dt4sawqjx/image/upload/v1463688992/bvfgodunjriufnzsfynx.jpg
235,https://res.cloudinary.com/dt4sawqjx/image/upload/v1463688993/hodt1ply9frusnj0jmjw.jpg
236,https://res.cloudinary.com/dt4sawqjx/image/upload/v1463688994/rz6rib4pzo3w41fj9dp8.jpg
237,https://res.cloudinary.com/dt4sawqjx/image/upload/v1463688995/t94zpkrz05mvslwauvdu.jpg
238,https://res.cloudinary.com/dt4sawqjx/image/upload/v1463688997/jplgjxp3hufujab6zqho.jpg
24,https://res.cloudinary.com/dt4sawqjx/image/upload/v1463688997/gzxzpfjmfvhkzt1tjj9o.jpg
240,https://res.cloudinary.com/dt4sawqjx/image/upload/v1463688998/lxfus0i1p5kdttacoqbd.jpg
241,https://res.cloudinary.com/dt4sawqjx/image/upload/v1463689000/xia6uxbqg6jycxbflcm2.jpg
242,https://res.cloudinary.com/dt4sawqjx/image/upload/v1463689001/ym60cuqotkqc1zll8xdz.jpg
243,https://res.cloudinary.com/dt4sawqjx/image/upload/v1463689002/jjpcshbfmaym6c7fuafn.jpg
244,https://res.cloudinary.com/dt4sawqjx/image/upload/v1463689003/bsrr753oi06q0gq0a4gi.jpg
245,https://res.cloudinary.com/dt4sawqjx/image/upload/v1463689005/lvogtpbivta0gzzlcioz.jpg
246,https://res.cloudinary.com/dt4sawqjx/image/upload/v1463689006/brpzutvlycode2416orp.jpg
247,https://res.cloudinary.com/dt4sawqjx/image/upload/v1463689007/jrtvbalkgolyrl58tnct.jpg
249,https://res.cloudinary.com/dt4sawqjx/image/upload/v1463689008/ixs3r63l5mskef3m6fif.jpg
25,https://res.cloudinary.com/dt4sawqjx/image/upload/v1463689009/x3sqmejhf2qtxo7nchej.jpg
252,https://res.cloudinary.com/dt4sawqjx/image/upload/v1463689010/nfyxpjcji3vvfrcloeji.jpg
255,https://res.cloudinary.com/dt4sawqjx/image/upload/v1463689011/iwdhu5ujkrmfpogtfexu.jpg
256,https://res.cloudinary.com/dt4sawqjx/image/upload/v1463689012/nqjfxxlvuqxccrvypf5l.jpg
257,https://res.cloudinary.com/dt4sawqjx/image/upload/v1463689013/hhnatcfmjx3v0emwbyqa.jpg
258,https://res.cloudinary.com/dt4sawqjx/image/upload/v1463689014/uylqzrdreirhzzxgsz9k.jpg
259,https://res.cloudinary.com/dt4sawqjx/image/upload/v1463689015/wsl4vqenbbj44pcxksqw.jpg
26,https://res.cloudinary.com/dt4sawqjx/image/upload/v1463689017/davrabmfncsnjpfupxbf.jpg
260,https://res.cloudinary.com/dt4sawqjx/image/upload/v1463689017/t1aicttz9cxrdu83nhuu.jpg
261,https://res.cloudinary.com/dt4sawqjx/image/upload/v1463689018/mcvlau8qktakkzrcocpz.jpg
262,https://res.cloudinary.com/dt4sawqjx/image/upload/v1463689020/yoselniqkhd4ps7hbdwa.jpg
263,https://res.cloudinary.com/dt4sawqjx/image/upload/v1463689021/xgdtrjicmzix01lrbr1j.jpg
264,https://res.cloudinary.com/dt4sawqjx/image/upload/v1463689022/npowmtzdws0dxlkosbem.jpg
265,https://res.cloudinary.com/dt4sawqjx/image/upload/v1463689023/pxw31otsvio04l6qaas2.jpg
266,https://res.cloudinary.com/dt4sawqjx/image/upload/v1463689024/yyziu2gjr6egfq5pbsxf.jpg
27,https://res.cloudinary.com/dt4sawqjx/image/upload/v1463689025/d9xnegwawt4xug85wxqb.jpg
274,https://res.cloudinary.com/dt4sawqjx/image/upload/v1463689026/fs9ib0ngrmv1sqelifda.jpg
275,https://res.cloudinary.com/dt4sawqjx/image/upload/v1463689027/e71hgoowr5tklevnrxuk.jpg
276,https://res.cloudinary.com/dt4sawqjx/image/upload/v1463689028/ns9cfzaap4q8kmb8xabn.jpg
277,https://res.cloudinary.com/dt4sawqjx/image/upload/v1463689029/bt4tlv3qhtbfrdjqoceb.jpg
278,https://res.cloudinary.com/dt4sawqjx/image/upload/v1463689030/zpsu0ou6xsx9ckb0vc8y.jpg
28,https://res.cloudinary.com/dt4sawqjx/image/upload/v1463689031/svvy1bedm7twouzmdd3n.jpg
284,https://res.cloudinary.com/dt4sawqjx/image/upload/v1463689032/qr8gvwgckqg0vdvehght.jpg
285,https://res.cloudinary.com/dt4sawqjx/image/upload/v1463689033/kvzcyoo85iouaema9jzb.jpg
287,https://res.cloudinary.com/dt4sawqjx/image/upload/v1463689034/hro3psbkvbkez50ejz0c.jpg
289,https://res.cloudinary.com/dt4sawqjx/image/upload/v1463689036/hqpqfyw16dkxhv0vzj1i.jpg
290,https://res.cloudinary.com/dt4sawqjx/image/upload/v1463689037/q7u0kspyx9acfk81dkce.jpg
291,https://res.cloudinary.com/dt4sawqjx/image/upload/v1463689038/uc2em2defak3wxzkbuqh.jpg
292,https://res.cloudinary.com/dt4sawqjx/image/upload/v1463689039/kggfbxipt584gw3ebvu1.jpg
293,https://res.cloudinary.com/dt4sawqjx/image/upload/v1463689040/yf4nx7pyp30e9ahfcteq.jpg
294,https://res.cloudinary.com/dt4sawqjx/image/upload/v1463689041/a5tjugr3vxrubzbqqbj4.jpg
295,https://res.cloudinary.com/dt4sawqjx/image/upload/v1463689042/agahmihakzjhflqaa9gt.jpg
296,https://res.cloudinary.com/dt4sawqjx/image/upload/v1463689043/dmmv6zwun23cbf3kv31o.jpg
297,https://res.cloudinary.com/dt4sawqjx/image/upload/v1463689044/mldqvuxfzlikobyjgosy.jpg
298,https://res.cloudinary.com/dt4sawqjx/image/upload/v1463689045/oz2x86floth5021z2488.jpg
30,https://res.cloudinary.com/dt4sawqjx/image/upload/v1463689046/jconrwckyftvnhfifqqn.jpg
300,https://res.cloudinary.com/dt4sawqjx/image/upload/v1463689047/obqqccdvov6oxiekaxhw.jpg
301,https://res.cloudinary.com/dt4sawqjx/image/upload/v1463689049/f0bojyiavfcy7usladdp.jpg
303,https://res.cloudinary.com/dt4sawqjx/image/upload/v1463689050/ibnf93pwu42dpd7wpzun.jpg
305,https://res.cloudinary.com/dt4sawqjx/image/upload/v1463689051/xgfxhugi87easi9xj1qu.jpg
307,https://res.cloudinary.com/dt4sawqjx/image/upload/v1463689052/womdn4uwxtdgf1j2lsng.jpg
308,https://res.cloudinary.com/dt4sawqjx/image/upload/v1463689053/iw6pld524olencrxvwpt.jpg
31,https://res.cloudinary.com/dt4sawqjx/image/upload/v1463689054/lbs1zmecuerkjlilik6z.jpg
311,https://res.cloudinary.com/dt4sawqjx/image/upload/v1463689055/szubm7hvucvejmd236on.jpg
313,https://res.cloudinary.com/dt4sawqjx/image/upload/v1463689056/dql5mqa7gs9fthjznddt.jpg
314,https://res.cloudinary.com/dt4sawqjx/image/upload/v1463689057/odlqacikcxz190r1gt01.jpg
315,https://res.cloudinary.com/dt4sawqjx/image/upload/v1463689058/dulqbnzmnvf0ru4bjfks.jpg
316,https://res.cloudinary.com/dt4sawqjx/image/upload/v1463689060/nyoun7dqtaa6tycl4eln.jpg
317,https://res.cloudinary.com/dt4sawqjx/image/upload/v1463689061/lge3n3zvah6od68ltf8o.jpg
318,https://res.cloudinary.com/dt4sawqjx/image/upload/v1463689062/ln3cioygaxfqlhicqrdc.jpg
32,https://res.cloudinary.com/dt4sawqjx/image/upload/v1463689063/mwizvfs1scbmtc6v1ezm.jpg
321,https://res.cloudinary.com/dt4sawqjx/image/upload/v1463689064/sm9bxnrjs3e0bhdi1tv1.jpg
322,https://res.cloudinary.com/dt4sawqjx/image/upload/v1463689065/fegi4e5ykywumvsn7lpu.jpg
323,https://res.cloudinary.com/dt4sawqjx/image/upload/v1463689066/jun9pdkmiq231aiufyyx.jpg
324,https://res.cloudinary.com/dt4sawqjx/image/upload/v1463689067/f0iqrqqflou3eltkzgt4.jpg
326,https://res.cloudinary.com/dt4sawqjx/image/upload/v1463689068/rigvljn5tld0wqopslla.jpg
328,https://res.cloudinary.com/dt4sawqjx/image/upload/v1463689069/tyz0vqpawajybqfa0bsx.jpg
329,https://res.cloudinary.com/dt4sawqjx/image/upload/v1463689070/qva69o4glqlqutkpzfdg.jpg
330,https://res.cloudinary.com/dt4sawqjx/image/upload/v1463689071/kp2nluadm4bn1bpl2ifh.jpg
333,https://res.cloudinary.com/dt4sawqjx/image/upload/v1463689072/wj9xslcfwgal4jgqa7oi.jpg
334,https://res.cloudinary.com/dt4sawqjx/image/upload/v1463689073/ow3wvxflpj2ghx3jo2jf.jpg
336,https://res.cloudinary.com/dt4sawqjx/image/upload/v1463689074/hqecpiumodcontekn3u0.jpg
337,https://res.cloudinary.com/dt4sawqjx/image/upload/v1463689075/bbstskinrzjlozcnvyco.jpg
338,https://res.cloudinary.com/dt4sawqjx/image/upload/v1463689077/a4akdm0uzczy2gfyd57w.jpg
339,https://res.cloudinary.com/dt4sawqjx/image/upload/v1463689079/ck4ddoqt7rm2vxbyr0r1.jpg
34,https://res.cloudinary.com/dt4sawqjx/image/upload/v1463689080/vlu2py9zve2ekhbloore.jpg
343,https://res.cloudinary.com/dt4sawqjx/image/upload/v1463689081/jj5o5d5iet5wj7jd1wgk.jpg
344,https://res.cloudinary.com/dt4sawqjx/image/upload/v1463689082/wggfp6ivgp7qqiickbsz.jpg
345,https://res.cloudinary.com/dt4sawqjx/image/upload/v1463689083/nebuwpe86skp6nc4aoi3.jpg
346,https://res.cloudinary.com/dt4sawqjx/image/upload/v1463689085/em5yo5v3vynx3cxrauie.jpg
35,https://res.cloudinary.com/dt4sawqjx/image/upload/v1463689085/afuk1k6g0hbcufwt3wbt.jpg
350,https://res.cloudinary.com/dt4sawqjx/image/upload/v1463689087/blood36vb3cjsnwrmryz.jpg
353,https://res.cloudinary.com/dt4sawqjx/image/upload/v1463689088/pb2w99rhpcrnh3fqfofe.jpg
355,https://res.cloudinary.com/dt4sawqjx/image/upload/v1463689089/wpmxs2ljvxi94mjt5vvo.jpg
357,https://res.cloudinary.com/dt4sawqjx/image/upload/v1463689090/w9z09oirahbv3wxpnsxy.jpg
358,https://res.cloudinary.com/dt4sawqjx/image/upload/v1463689091/roulpammwyh76wcvbi4i.jpg
359,https://res.cloudinary.com/dt4sawqjx/image/upload/v1463689092/hvsk5lnkx6oeu8utmqjl.jpg
360,https://res.cloudinary.com/dt4sawqjx/image/upload/v1463689093/bdvdn0dvpybo76nzujc9.jpg
362,https://res.cloudinary.com/dt4sawqjx/image/upload/v1463689094/wtoriffnxe7nc4tzt7do.jpg
364,https://res.cloudinary.com/dt4sawqjx/image/upload/v1463689095/gipkgdalh2i4yfudh7ip.jpg
366,https://res.cloudinary.com/dt4sawqjx/image/upload/v1463689096/jk6n76xxogzq5ci92yma.jpg
367,https://res.cloudinary.com/dt4sawqjx/image/upload/v1463689096/t1qr5acl6pzzw0sw0lck.jpg
368,https://res.cloudinary.com/dt4sawqjx/image/upload/v1463689097/gfbrpd3g2ket1dbpp5of.jpg
369,https://res.cloudinary.com/dt4sawqjx/image/upload/v1463689098/bpl8ziae1lhmbw6e3ot9.jpg
371,https://res.cloudinary.com/dt4sawqjx/image/upload/v1463689099/rm7ao3hhsvqsmqg7u8ui.jpg
372,https://res.cloudinary.com/dt4sawqjx/image/upload/v1463689100/hbqldi4ectspd9hmwla8.jpg
373,https://res.cloudinary.com/dt4sawqjx/image/upload/v1463689101/txyhetigqy9wyilevtw4.jpg
374,https://res.cloudinary.com/dt4sawqjx/image/upload/v1463689102/fdy8saek2dgohpwft53g.jpg
375,https://res.cloudinary.com/dt4sawqjx/image/upload/v1463689103/gqrjztzltmwyj6tgtftz.jpg
376,https://res.cloudinary.com/dt4sawqjx/image/upload/v1463689104/qf33mr5txjueqyuil6sm.jpg
378,https://res.cloudinary.com/dt4sawqjx/image/upload/v1463689105/nkanydo2bhlpenxazzch.jpg
379,https://res.cloudinary.com/dt4sawqjx/image/upload/v1463689106/e5e4bvahx65oa5imju3u.jpg
380,https://res.cloudinary.com/dt4sawqjx/image/upload/v1463689107/tzxv1zx2urnacwakkaao.jpg
381,https://res.cloudinary.com/dt4sawqjx/image/upload/v1463689108/luwq8rquotot9clcwzxo.jpg
382,https://res.cloudinary.com/dt4sawqjx/image/upload/v1463689109/dy0usfx2kxlbvolyownw.jpg
383,https://res.cloudinary.com/dt4sawqjx/image/upload/v1463689109/bpq58mzelw80xxczu89j.jpg
384,https://res.cloudinary.com/dt4sawqjx/image/upload/v1463689110/vlxwciadvetxj8pk9pyk.jpg
385,https://res.cloudinary.com/dt4sawqjx/image/upload/v1463689112/fnf7akt4atk6h7kuftha.jpg
386,https://res.cloudinary.com/dt4sawqjx/image/upload/v1463689113/ydjzmpetlkxx94cps1mh.jpg
388,https://res.cloudinary.com/dt4sawqjx/image/upload/v1463689114/zukgtw9toj0loz8ihya6.jpg
389,https://res.cloudinary.com/dt4sawqjx/image/upload/v1463689115/i0tkrdftemrcygchiarn.jpg
391,https://res.cloudinary.com/dt4sawqjx/image/upload/v1463689116/nsz6dwba3iak1sje6c11.jpg
392,https://res.cloudinary.com/dt4sawqjx/image/upload/v1463689117/fyuiebebdny7o8jrsh0f.jpg
393,https://res.cloudinary.com/dt4sawqjx/image/upload/v1463689118/oioemolmtntim3rjizsu.jpg
394,https://res.cloudinary.com/dt4sawqjx/image/upload/v1463689119/b9c19mrjwesamr1vxtt8.jpg
395,https://res.cloudinary.com/dt4sawqjx/image/upload/v1463689121/vgmmjb1eeu9rxmbmcqoi.jpg
396,https://res.cloudinary.com/dt4sawqjx/image/upload/v1463689122/pzfbwlyrfkfurhc0safp.jpg
398,https://res.cloudinary.com/dt4sawqjx/image/upload/v1463689123/yrnyaijennjjb4ql6i1i.jpg
399,https://res.cloudinary.com/dt4sawqjx/image/upload/v1463689124/lpfvkd1dgme6ct5tgaik.jpg
401,https://res.cloudinary.com/dt4sawqjx/image/upload/v1463689125/rbpsxcbe2z3e7pfbzilz.jpg
403,https://res.cloudinary.com/dt4sawqjx/image/upload/v1463689126/epcdy55nc4rpxq8zejrn.jpg
404,https://res.cloudinary.com/dt4sawqjx/image/upload/v1463689127/vsmshufm3w3wyd64exhs.jpg
405,https://res.cloudinary.com/dt4sawqjx/image/upload/v1463689128/be16zjxvbsq3ohxiuh0e.jpg
407,https://res.cloudinary.com/dt4sawqjx/image/upload/v1463689130/jeek0lrv0jy9axba1nz9.jpg
409,https://res.cloudinary.com/dt4sawqjx/image/upload/v1463689131/acbjrmr6bug8qpb6t3rj.jpg
411,https://res.cloudinary.com/dt4sawqjx/image/upload/v1463689132/ydahivrqimi8omoy9fal.jpg
412,https://res.cloudinary.com/dt4sawqjx/image/upload/v1463689133/mxtngn7hnepmbpnvsd6y.jpg
414,https://res.cloudinary.com/dt4sawqjx/image/upload/v1463689134/repvpzkug2hesukyqtud.jpg
415,https://res.cloudinary.com/dt4sawqjx/image/upload/v1463689135/esozcz8t8yg8qsclowuy.jpg
416,https://res.cloudinary.com/dt4sawqjx/image/upload/v1463689136/hcl3rwhaoinotuz07ev4.jpg
418,https://res.cloudinary.com/dt4sawqjx/image/upload/v1463689137/gwwlqg6u0yi9bpvzglnb.jpg
419,https://res.cloudinary.com/dt4sawqjx/image/upload/v1463689139/duiezxehlutwqdwx0sqr.jpg
42,https://res.cloudinary.com/dt4sawqjx/image/upload/v1463689147/befyb1gm4banpgbyebx9.jpg
420,https://res.cloudinary.com/dt4sawqjx/image/upload/v1463689148/kquykq7uqaofmydo1qdy.jpg
421,https://res.cloudinary.com/dt4sawqjx/image/upload/v1463689152/aozlncz2johxt4txygpp.jpg
422,https://res.cloudinary.com/dt4sawqjx/image/upload/v1463689153/trthdfbxedhfxoowkkfy.jpg
424,https://res.cloudinary.com/dt4sawqjx/image/upload/v1463689154/rullyiidys3b4ig2f1y0.jpg
425,https://res.cloudinary.com/dt4sawqjx/image/upload/v1463689155/skily6lmwjb8yxeoxoni.jpg
426,https://res.cloudinary.com/dt4sawqjx/image/upload/v1463689158/zd7yvk01up10dq4vrffk.jpg
427,https://res.cloudinary.com/dt4sawqjx/image/upload/v1463689159/zxvl1yeyowyhazvafqhz.jpg
429,https://res.cloudinary.com/dt4sawqjx/image/upload/v1463689160/g7v4uofjzlu1mn9v3a3j.jpg
43,https://res.cloudinary.com/dt4sawqjx/image/upload/v1463689162/irsfh5t9auexgpczuhls.jpg
430,https://res.cloudinary.com/dt4sawqjx/image/upload/v1463689163/u9plo29rhrbyi2hwesoq.jpg
431,https://res.cloudinary.com/dt4sawqjx/image/upload/v1463689164/tf1a2lavs8v7ywghioec.jpg
432,https://res.cloudinary.com/dt4sawqjx/image/upload/v1463689165/bhdhslehddlfsus2sw4g.jpg
436,https://res.cloudinary.com/dt4sawqjx/image/upload/v1463689166/own6b35pgjfs1b7czh7d.jpg
437,https://res.cloudinary.com/dt4sawqjx/image/upload/v1463689167/y66zox4zcg6hiiy1gpu0.jpg
438,https://res.cloudinary.com/dt4sawqjx/image/upload/v1463689169/ohhpygn3kfqdi53arwdo.jpg
440,https://res.cloudinary.com/dt4sawqjx/image/upload/v1463689170/mhiuqcfbwd6mizzjk9ou.jpg
441,https://res.cloudinary.com/dt4sawqjx/image/upload/v1463689170/xasouomowg1victiywdh.jpg
442,https://res.cloudinary.com/dt4sawqjx/image/upload/v1463689172/vqx6iqh7cp2vb5tisfkt.jpg
443,https://res.cloudinary.com/dt4sawqjx/image/upload/v1463689173/cvlasvotm9xbomwdktnw.jpg
444,https://res.cloudinary.com/dt4sawqjx/image/upload/v1463689174/jw8eym3xjgtotxfgg7ju.jpg
445,https://res.cloudinary.com/dt4sawqjx/image/upload/v1463689174/ed3nroh08rm7odpauqmi.jpg
447,https://res.cloudinary.com/dt4sawqjx/image/upload/v1463689175/cti9fvqevxfcfnhaoz8h.jpg
448,https://res.cloudinary.com/dt4sawqjx/image/upload/v1463689176/blvjteb9hkt7tbttk6fw.jpg
450,https://res.cloudinary.com/dt4sawqjx/image/upload/v1463689177/wvn3twykrhzdueqat3yl.jpg
454,https://res.cloudinary.com/dt4sawqjx/image/upload/v1463689178/v5vclwlwphad931wyza0.jpg
455,https://res.cloudinary.com/dt4sawqjx/image/upload/v1463689179/wni701om0tla7ldbdll3.jpg
456,https://res.cloudinary.com/dt4sawqjx/image/upload/v1463689181/bgu332qplbil6xfvqyml.jpg
457,https://res.cloudinary.com/dt4sawqjx/image/upload/v1463689182/lf66zwi6tsuhczlrsifl.jpg
458,https://res.cloudinary.com/dt4sawqjx/image/upload/v1463689183/bgebr3xpopvribxa7hbo.jpg
459,https://res.cloudinary.com/dt4sawqjx/image/upload/v1463689184/le935vbzpuv2zsmxg8bi.jpg
46,https://res.cloudinary.com/dt4sawqjx/image/upload/v1463689185/wgpvowcdrxp4q2u6a8oa.jpg
460,https://res.cloudinary.com/dt4sawqjx/image/upload/v1463689186/xkclrpx3lqmsnaemq0tz.jpg
461,https://res.cloudinary.com/dt4sawqjx/image/upload/v1463689187/thsordbclnznyo5jzfy9.jpg
463,https://res.cloudinary.com/dt4sawqjx/image/upload/v1463689188/dcmfwzmfmbb6srygsvov.jpg
464,https://res.cloudinary.com/dt4sawqjx/image/upload/v1463689189/edwkvdhkz7wiw6zoitws.jpg
467,https://res.cloudinary.com/dt4sawqjx/image/upload/v1463689190/bvxn7lupsjyfta6spkm6.jpg
468,https://res.cloudinary.com/dt4sawqjx/image/upload/v1463689191/a711iohovil2bw8zb0mo.jpg
469,https://res.cloudinary.com/dt4sawqjx/image/upload/v1463689192/ggsqpf9oocriolqsylsk.jpg
47,https://res.cloudinary.com/dt4sawqjx/image/upload/v1463689193/lygkrddbwiwdyx8hdij6.jpg
470,https://res.cloudinary.com/dt4sawqjx/image/upload/v1463689194/bsz467kttyukc0ckjo4b.jpg
471,https://res.cloudinary.com/dt4sawqjx/image/upload/v1463689195/gugdan7p4dlqv40u4m7j.jpg
472,https://res.cloudinary.com/dt4sawqjx/image/upload/v1463689196/dgqjzxgo3ur48gkbozva.jpg
473,https://res.cloudinary.com/dt4sawqjx/image/upload/v1463689197/cn18hukdfgrwnbryesvm.jpg
474,https://res.cloudinary.com/dt4sawqjx/image/upload/v1463689198/sdimwzbsvt5pkiekktpd.jpg
475,https://res.cloudinary.com/dt4sawqjx/image/upload/v1463689200/wzk8tlmdpcuswrdudcmd.jpg
476,https://res.cloudinary.com/dt4sawqjx/image/upload/v1463689201/ir0mkb7wbksqgpisfz8f.jpg
477,https://res.cloudinary.com/dt4sawqjx/image/upload/v1463689202/lju1cthek6ixatauvy4s.jpg
480,https://res.cloudinary.com/dt4sawqjx/image/upload/v1463689203/cwysqg8yen0sm2uim7yn.jpg
481,https://res.cloudinary.com/dt4sawqjx/image/upload/v1463689204/aoe8tak5r6bystayyuwu.jpg
483,https://res.cloudinary.com/dt4sawqjx/image/upload/v1463689205/jp2tvco4ri7j3znbrodo.jpg
484,https://res.cloudinary.com/dt4sawqjx/image/upload/v1463689206/drn4rdumdgxmkwodzq9n.jpg
485,https://res.cloudinary.com/dt4sawqjx/image/upload/v1463689207/wwch0or2zn9rs3detefa.jpg
487,https://res.cloudinary.com/dt4sawqjx/image/upload/v1463689207/fsftlhdxnyemshihpth4.jpg
488,https://res.cloudinary.com/dt4sawqjx/image/upload/v1463689208/kgqpjhz0yjrzlcphsbda.jpg
490,https://res.cloudinary.com/dt4sawqjx/image/upload/v1463689210/agfhqrtrendttr8kbv2b.jpg
491,https://res.cloudinary.com/dt4sawqjx/image/upload/v1463689211/pdfappasyvrqk2w5umt0.jpg
493,https://res.cloudinary.com/dt4sawqjx/image/upload/v1463689212/nzee7gafolfhphhiooa9.jpg
494,https://res.cloudinary.com/dt4sawqjx/image/upload/v1463689213/pzyzeppo9acgla8xmlp4.jpg
495,https://res.cloudinary.com/dt4sawqjx/image/upload/v1463689214/jwr4g1pinlrqzwd6mikf.jpg
496,https://res.cloudinary.com/dt4sawqjx/image/upload/v1463689215/lh56noxmbtlcaed2mbpf.jpg
497,https://res.cloudinary.com/dt4sawqjx/image/upload/v1463689215/yyovs3d2df9smsb6ahsy.jpg
498,https://res.cloudinary.com/dt4sawqjx/image/upload/v1463689216/krgj1uvyx0vmcigglare.jpg
502,https://res.cloudinary.com/dt4sawqjx/image/upload/v1463689217/ubof2qzdsgtomdktzfxg.jpg
503,https://res.cloudinary.com/dt4sawqjx/image/upload/v1463689218/ydyp4tuufumgx6pcvy1v.jpg
508,https://res.cloudinary.com/dt4sawqjx/image/upload/v1463689220/f1csvxaxwosmolz2ugiw.jpg
509,https://res.cloudinary.com/dt4sawqjx/image/upload/v1463689221/nzdi6fbqilkbtief8aut.jpg
51,https://res.cloudinary.com/dt4sawqjx/image/upload/v1463689222/iplututaudtbqeqykhsu.jpg
515,https://res.cloudinary.com/dt4sawqjx/image/upload/v1463689223/cwjve3mkf3edjptqe7qc.jpg
53,https://res.cloudinary.com/dt4sawqjx/image/upload/v1463689224/tmq07vna9yrkplis5tdn.jpg
54,https://res.cloudinary.com/dt4sawqjx/image/upload/v1463689225/r2sbwvglzqfe6k9d7lyb.jpg
57,https://res.cloudinary.com/dt4sawqjx/image/upload/v1463689226/ueiy6maudky2jrtpeacv.jpg
59,https://res.cloudinary.com/dt4sawqjx/image/upload/v1463689227/dn6m3yfj36jqr4dfig4m.jpg
61,https://res.cloudinary.com/dt4sawqjx/image/upload/v1463689228/f0tzml4vef19t1le7zyv.jpg
62,https://res.cloudinary.com/dt4sawqjx/image/upload/v1463689229/npiovdspebuvpnbfrohk.jpg
63,https://res.cloudinary.com/dt4sawqjx/image/upload/v1463689230/ggvswueri89jo7zfdyw5.jpg
64,https://res.cloudinary.com/dt4sawqjx/image/upload/v1463689231/kpntossj4bpnrfjbydbr.jpg
65,https://res.cloudinary.com/dt4sawqjx/image/upload/v1463689232/ukpspq1chgoujfvjofa8.jpg
66,https://res.cloudinary.com/dt4sawqjx/image/upload/v1463689233/nt1zievcfzhidflqe0iz.jpg
67,https://res.cloudinary.com/dt4sawqjx/image/upload/v1463689234/mcq3h83tbxfvulbdwcfq.jpg
68,https://res.cloudinary.com/dt4sawqjx/image/upload/v1463689235/kneigpbreaxdvflx7ojr.jpg
69,https://res.cloudinary.com/dt4sawqjx/image/upload/v1463689236/he5jtimrq2xysigikmiq.jpg
71,https://res.cloudinary.com/dt4sawqjx/image/upload/v1463689237/yr54smdcjtwxymmcb8ot.jpg
72,https://res.cloudinary.com/dt4sawqjx/image/upload/v1463689238/fto11ptpbaeap3vn94fx.jpg
73,https://res.cloudinary.com/dt4sawqjx/image/upload/v1463689239/wvjs0r6ohtlka02j1kon.jpg
75,https://res.cloudinary.com/dt4sawqjx/image/upload/v1463689240/pyvxxn8opt3fddke4sqp.jpg
76,https://res.cloudinary.com/dt4sawqjx/image/upload/v1463689241/zszaniqtnryx6ie7fqvd.jpg
78,https://res.cloudinary.com/dt4sawqjx/image/upload/v1463689242/woejo8e9gnwyxtaq8ujb.jpg
79,https://res.cloudinary.com/dt4sawqjx/image/upload/v1463689243/k8giy0aeqnoeuzirjxju.jpg
80,https://res.cloudinary.com/dt4sawqjx/image/upload/v1463689244/zjwogsot2sxlelvyvvqt.jpg
81,https://res.cloudinary.com/dt4sawqjx/image/upload/v1463689245/kmn2bbgnpctlm6nzrcps.jpg
83,https://res.cloudinary.com/dt4sawqjx/image/upload/v1463689246/qrxqvggfn0bx1r4hvbrm.jpg
86,https://res.cloudinary.com/dt4sawqjx/image/upload/v1463689247/zbcxhehmvevelbbbbhft.jpg
88,https://res.cloudinary.com/dt4sawqjx/image/upload/v1463689248/hwnxh2behvikb01gqkqd.jpg
89,https://res.cloudinary.com/dt4sawqjx/image/upload/v1463689250/eeoezlonuqiryjgyc3ay.jpg
90,https://res.cloudinary.com/dt4sawqjx/image/upload/v1463689251/hng4uo5x0jcjhfojaeun.jpg
91,https://res.cloudinary.com/dt4sawqjx/image/upload/v1463689252/bzwomm3dafkgwbl7wdvw.jpg
92,https://res.cloudinary.com/dt4sawqjx/image/upload/v1463689253/w81ioqnrg2gvdrhgnq53.jpg
94,https://res.cloudinary.com/dt4sawqjx/image/upload/v1463689254/zynzy9em6h4cuogejg6x.jpg
95,https://res.cloudinary.com/dt4sawqjx/image/upload/v1463689256/oxf2yribahkosvhibbpm.jpg
96,https://res.cloudinary.com/dt4sawqjx/image/upload/v1463689257/yttgmgisjmnw4oosr6xa.jpg
97,https://res.cloudinary.com/dt4sawqjx/image/upload/v1463689258/r42ad9kovdns54ei5xqq.jpg
98,https://res.cloudinary.com/dt4sawqjx/image/upload/v1463689259/hfpqvjhz0cyvmiwxae4l.jpg
99,https://res.cloudinary.com/dt4sawqjx/image/upload/v1463689260/zcwisnozhouek6bj6ye3.jpg
