100,https://res.cloudinary.com/dt4sawqjx/image/upload/v1463682870/kgazm5fqph5vvekuanmy.jpg
101,https://res.cloudinary.com/dt4sawqjx/image/upload/v1463682871/qgy6ldwao0b8zcddefox.jpg
102,https://res.cloudinary.com/dt4sawqjx/image/upload/v1463682872/ahwlnp8nnm0fb0nzvgdi.jpg
104,https://res.cloudinary.com/dt4sawqjx/image/upload/v1463682873/mteusovrci14kr2kjgbf.jpg
106,https://res.cloudinary.com/dt4sawqjx/image/upload/v1463682874/c3dgddkxuno6tpuvqj37.jpg
107,https://res.cloudinary.com/dt4sawqjx/image/upload/v1463682875/nxntecnmngjod4ppbnta.jpg
109,https://res.cloudinary.com/dt4sawqjx/image/upload/v1463682876/odu5mmq5jqyon4tphpr3.jpg
110,https://res.cloudinary.com/dt4sawqjx/image/upload/v1463682877/ehxvzfat4tvwlomp3oua.jpg
113,https://res.cloudinary.com/dt4sawqjx/image/upload/v1463682878/ykwtrpvscpcep87mpuwb.jpg
114,https://res.cloudinary.com/dt4sawqjx/image/upload/v1463682879/ccycgj99fex0xqiycl9b.jpg
115,https://res.cloudinary.com/dt4sawqjx/image/upload/v1463682880/svkpupbhlnlxuae333wf.jpg
117,https://res.cloudinary.com/dt4sawqjx/image/upload/v1463682882/tuezvc7uyn8bfjvgteee.jpg
118,https://res.cloudinary.com/dt4sawqjx/image/upload/v1463682883/zuumodo59474z6c1pfdx.jpg
119,https://res.cloudinary.com/dt4sawqjx/image/upload/v1463682883/wjnyqnqucungvhc5hqge.jpg
120,https://res.cloudinary.com/dt4sawqjx/image/upload/v1463682884/dm2yll6hbch4nit6somm.jpg
121,https://res.cloudinary.com/dt4sawqjx/image/upload/v1463682885/lr5du9vftxuzl46rxdbm.jpg
122,https://res.cloudinary.com/dt4sawqjx/image/upload/v1463682886/gciyame3nozwilidnckx.jpg
125,https://res.cloudinary.com/dt4sawqjx/image/upload/v1463682887/eizfvhhcr3juf38zyncc.jpg
126,https://res.cloudinary.com/dt4sawqjx/image/upload/v1463682888/m7in9mhzrmevitmdegzy.jpg
127,https://res.cloudinary.com/dt4sawqjx/image/upload/v1463682889/qjla3cqehvjmmlwgucu9.jpg
128,https://res.cloudinary.com/dt4sawqjx/image/upload/v1463682890/ud1pgs2azxfmtf21dndf.jpg
129,https://res.cloudinary.com/dt4sawqjx/image/upload/v1463682891/ojy2recljjo50jkxayu0.jpg
130,https://res.cloudinary.com/dt4sawqjx/image/upload/v1463682892/jlgqsfkadnmxkddj780h.jpg
131,https://res.cloudinary.com/dt4sawqjx/image/upload/v1463682893/wifud75f45bh2bcsydig.jpg
132,https://res.cloudinary.com/dt4sawqjx/image/upload/v1463682894/owgkmulfdp8aug4mnytx.jpg
133,https://res.cloudinary.com/dt4sawqjx/image/upload/v1463682895/qfor4lt5hsck6bcm8qlq.jpg
134,https://res.cloudinary.com/dt4sawqjx/image/upload/v1463682896/iz3o4nzooa3dv7r76n7j.jpg
135,https://res.cloudinary.com/dt4sawqjx/image/upload/v1463682896/mzl71oapmk7inuzgnsgq.jpg
138,https://res.cloudinary.com/dt4sawqjx/image/upload/v1463682897/oir7z9zbvkoxljbvvvo2.jpg
142,https://res.cloudinary.com/dt4sawqjx/image/upload/v1463682898/x4vcuwdoho2ixxwmb2ei.jpg
143,https://res.cloudinary.com/dt4sawqjx/image/upload/v1463682899/yqoqejy89iuuro7cjwrj.jpg
144,https://res.cloudinary.com/dt4sawqjx/image/upload/v1463682900/phfy4x9itfov0pvjmfud.jpg
145,https://res.cloudinary.com/dt4sawqjx/image/upload/v1463682901/bqzd83wrxyhql47yqxhp.jpg
146,https://res.cloudinary.com/dt4sawqjx/image/upload/v1463682902/c5daa63qiyo89mporkx6.jpg
147,https://res.cloudinary.com/dt4sawqjx/image/upload/v1463682903/dcexwatoej5vwzdex9gb.jpg
148,https://res.cloudinary.com/dt4sawqjx/image/upload/v1463682904/g8bo84wabkkwplcz1hdk.jpg
150,https://res.cloudinary.com/dt4sawqjx/image/upload/v1463682905/vvbzquo2vsivggzawimn.jpg
151,https://res.cloudinary.com/dt4sawqjx/image/upload/v1463682906/agohnwp5gxq18kyqpazf.jpg
152,https://res.cloudinary.com/dt4sawqjx/image/upload/v1463682907/wfwo9jonfb2ptdgvn8kb.jpg
154,https://res.cloudinary.com/dt4sawqjx/image/upload/v1463682908/loiqytrgmwg71jzluihi.jpg
155,https://res.cloudinary.com/dt4sawqjx/image/upload/v1463682909/xpajcxr4tavhnmncnwsz.jpg
156,https://res.cloudinary.com/dt4sawqjx/image/upload/v1463682910/zcwlbstuzas9wqwqbkfv.jpg
158,https://res.cloudinary.com/dt4sawqjx/image/upload/v1463682910/uluj3lyvlewwxqhz1r0i.jpg
159,https://res.cloudinary.com/dt4sawqjx/image/upload/v1463682911/kliniav3didvaflgyw8q.jpg
160,https://res.cloudinary.com/dt4sawqjx/image/upload/v1463682912/pfow2wofbulazyizkxlp.jpg
161,https://res.cloudinary.com/dt4sawqjx/image/upload/v1463682913/on4wbcbnxzm7xyk2ttyi.jpg
162,https://res.cloudinary.com/dt4sawqjx/image/upload/v1463682914/fmadrxyimx08idpkklog.jpg
163,https://res.cloudinary.com/dt4sawqjx/image/upload/v1463682915/ndoucqdvoksfuadyrudc.jpg
164,https://res.cloudinary.com/dt4sawqjx/image/upload/v1463682916/dnbjbpbcvuoqtqm6cqrd.jpg
165,https://res.cloudinary.com/dt4sawqjx/image/upload/v1463682917/kkyemizxkivzkj6cxvrb.jpg
166,https://res.cloudinary.com/dt4sawqjx/image/upload/v1463682918/vos0pwah2xk0b8tqmjsh.jpg
167,https://res.cloudinary.com/dt4sawqjx/image/upload/v1463682919/lyqop9qxbihpgkm870eg.jpg
168,https://res.cloudinary.com/dt4sawqjx/image/upload/v1463682920/nsrtkoaymwqrkadbnwcw.jpg
169,https://res.cloudinary.com/dt4sawqjx/image/upload/v1463682921/ntbk8b97djwrh6nkxyev.jpg
170,https://res.cloudinary.com/dt4sawqjx/image/upload/v1463682922/pa6yxm4cpcrkl9xbqbe3.jpg
171,https://res.cloudinary.com/dt4sawqjx/image/upload/v1463682923/cztimkx4zfhnjpt5ce6z.jpg
172,https://res.cloudinary.com/dt4sawqjx/image/upload/v1463682923/x8gmm2n2eyxzisd4w9gu.jpg
173,https://res.cloudinary.com/dt4sawqjx/image/upload/v1463682924/q0zl5xuy0aqtkyee46bp.jpg
174,https://res.cloudinary.com/dt4sawqjx/image/upload/v1463682925/loegxoq4lacbk8btgkon.jpg
176,https://res.cloudinary.com/dt4sawqjx/image/upload/v1463682926/ethasi5vtsljak87xlon.jpg
177,https://res.cloudinary.com/dt4sawqjx/image/upload/v1463682927/ohrqoquzbxjp2bpdxjaa.jpg
181,https://res.cloudinary.com/dt4sawqjx/image/upload/v1463682928/re20yb5zk15ojkr9dlbh.jpg
185,https://res.cloudinary.com/dt4sawqjx/image/upload/v1463682929/gcn7qzn9jfc9wnhuyncr.jpg
186,https://res.cloudinary.com/dt4sawqjx/image/upload/v1463682930/m0hj4vknqibhim4e0dg3.jpg
187,https://res.cloudinary.com/dt4sawqjx/image/upload/v1463682931/keyydqqhnozfokuesgwh.jpg
188,https://res.cloudinary.com/dt4sawqjx/image/upload/v1463682932/owghds2mr9ayc1mqfrdb.jpg
189,https://res.cloudinary.com/dt4sawqjx/image/upload/v1463682933/pudrlkei6bwat2agy489.jpg
190,https://res.cloudinary.com/dt4sawqjx/image/upload/v1463682934/gx42seqigsj8tofhnmce.jpg
191,https://res.cloudinary.com/dt4sawqjx/image/upload/v1463682935/md5z1zgrivalnrka0cbn.jpg
192,https://res.cloudinary.com/dt4sawqjx/image/upload/v1463682936/cmfcsxe04jgjflatn12o.jpg
195,https://res.cloudinary.com/dt4sawqjx/image/upload/v1463682937/vidyzjpn8yexllfa7w61.jpg
196,https://res.cloudinary.com/dt4sawqjx/image/upload/v1463682938/d33cg3ruks6xdyttzha6.jpg
197,https://res.cloudinary.com/dt4sawqjx/image/upload/v1463682939/aryukfusjxrfz7tzfju8.jpg
199,https://res.cloudinary.com/dt4sawqjx/image/upload/v1463682940/m3ml326gwrrvu6ffwxlg.jpg
200,https://res.cloudinary.com/dt4sawqjx/image/upload/v1463682941/rqbsx32rg1aczjpix1ge.jpg
203,https://res.cloudinary.com/dt4sawqjx/image/upload/v1463682942/xruxekdszssjwz0zlp5w.jpg
204,https://res.cloudinary.com/dt4sawqjx/image/upload/v1463682943/duxh0fyh3mxcksw511b2.jpg
205,https://res.cloudinary.com/dt4sawqjx/image/upload/v1463682944/bp7ai3mj6rjsayz1mxcg.jpg
209,https://res.cloudinary.com/dt4sawqjx/image/upload/v1463682945/vsgd2zattdqxvm0yzksk.jpg
21,https://res.cloudinary.com/dt4sawqjx/image/upload/v1463682946/d4iycov13gwduuwug0pp.jpg
212,https://res.cloudinary.com/dt4sawqjx/image/upload/v1463682947/xb8xo007cy3yg8cflhki.jpg
213,https://res.cloudinary.com/dt4sawqjx/image/upload/v1463682948/upa7ejx08vwtdfemt1qh.jpg
214,https://res.cloudinary.com/dt4sawqjx/image/upload/v1463682948/mvqvvi9eanqxewtf76xf.jpg
231,https://res.cloudinary.com/dt4sawqjx/image/upload/v1463682949/izwphzuaahc8z80coufz.jpg
232,https://res.cloudinary.com/dt4sawqjx/image/upload/v1463682950/xdkqb76jgxnpnymvu5jb.jpg
234,https://res.cloudinary.com/dt4sawqjx/image/upload/v1463682951/zwi11h7nlef9a9foub7s.jpg
235,https://res.cloudinary.com/dt4sawqjx/image/upload/v1463682952/t5qzucy084w0bro4wrbe.jpg
236,https://res.cloudinary.com/dt4sawqjx/image/upload/v1463682953/bpqspcfcrca7g6ycuhrj.jpg
237,https://res.cloudinary.com/dt4sawqjx/image/upload/v1463682954/bjjruyrgig7urup4qj7u.jpg
238,https://res.cloudinary.com/dt4sawqjx/image/upload/v1463682954/q29vw0p3ia8uaugxyr16.jpg
24,https://res.cloudinary.com/dt4sawqjx/image/upload/v1463682955/yqlf7chlz1mhfezhzcqk.jpg
240,https://res.cloudinary.com/dt4sawqjx/image/upload/v1463682956/gldilgfcpuvz8zoor3gp.jpg
241,https://res.cloudinary.com/dt4sawqjx/image/upload/v1463682957/grrajijhpg1rdnzjxik8.jpg
242,https://res.cloudinary.com/dt4sawqjx/image/upload/v1463682958/aipvmi1b3gprbmhtibkw.jpg
243,https://res.cloudinary.com/dt4sawqjx/image/upload/v1463682959/bigwhpoezzcuxbovxiia.jpg
244,https://res.cloudinary.com/dt4sawqjx/image/upload/v1463682960/e1owcb6es4erhpca9ibz.jpg
245,https://res.cloudinary.com/dt4sawqjx/image/upload/v1463682961/xumnajkus0zelmnciqnx.jpg
246,https://res.cloudinary.com/dt4sawqjx/image/upload/v1463682962/ci7yspq0ctmmp7c8ugha.jpg
247,https://res.cloudinary.com/dt4sawqjx/image/upload/v1463682963/ypaq761fxqz1rf29udab.jpg
249,https://res.cloudinary.com/dt4sawqjx/image/upload/v1463682964/dtsafj6yr6vx5uxfawio.jpg
25,https://res.cloudinary.com/dt4sawqjx/image/upload/v1463682964/p6b0wgeyiimh5lyl8bdo.jpg
252,https://res.cloudinary.com/dt4sawqjx/image/upload/v1463682965/rsrildztxldpkphi3wfc.jpg
255,https://res.cloudinary.com/dt4sawqjx/image/upload/v1463682966/sylszjjtsoglgxcbpueq.jpg
256,https://res.cloudinary.com/dt4sawqjx/image/upload/v1463682967/z1m6wm94vxdoao841wtb.jpg
257,https://res.cloudinary.com/dt4sawqjx/image/upload/v1463682968/iztohmxqcbydibwgq1cw.jpg
258,https://res.cloudinary.com/dt4sawqjx/image/upload/v1463682969/q0yamugc5hzxiqkqmbxs.jpg
259,https://res.cloudinary.com/dt4sawqjx/image/upload/v1463682970/pive8raajvpcxmbrc0gw.jpg
26,https://res.cloudinary.com/dt4sawqjx/image/upload/v1463682971/tdhog6g0lnyanmfmgluw.jpg
260,https://res.cloudinary.com/dt4sawqjx/image/upload/v1463682972/nbueop8hshij53pqnqvj.jpg
261,https://res.cloudinary.com/dt4sawqjx/image/upload/v1463682973/pdutjwxymclaezs2h9lw.jpg
262,https://res.cloudinary.com/dt4sawqjx/image/upload/v1463682973/rd3yyqp3l2sauwgtbc6w.jpg
263,https://res.cloudinary.com/dt4sawqjx/image/upload/v1463682974/celfgpw9g1wnupw3ci90.jpg
264,https://res.cloudinary.com/dt4sawqjx/image/upload/v1463682975/onzqcnxppzgovhi2aj4h.jpg
265,https://res.cloudinary.com/dt4sawqjx/image/upload/v1463682977/sbrfxsf0pxevan57gtea.jpg
266,https://res.cloudinary.com/dt4sawqjx/image/upload/v1463682978/arj2iioz021yxrdpnwt0.jpg
27,https://res.cloudinary.com/dt4sawqjx/image/upload/v1463682979/przkj3phtkchoyozalzj.jpg
274,https://res.cloudinary.com/dt4sawqjx/image/upload/v1463682979/v2mlk6ajqnunnylvaxky.jpg
275,https://res.cloudinary.com/dt4sawqjx/image/upload/v1463682980/airvs8ubvicszjklek3j.jpg
276,https://res.cloudinary.com/dt4sawqjx/image/upload/v1463682981/famm6jnszztmykofekwk.jpg
277,https://res.cloudinary.com/dt4sawqjx/image/upload/v1463682982/dluscjn3tmwmjgvws3fd.jpg
278,https://res.cloudinary.com/dt4sawqjx/image/upload/v1463682983/jmfdvofmfjkcnngcqo4u.jpg
28,https://res.cloudinary.com/dt4sawqjx/image/upload/v1463682984/xha2tz3vele2zjje8x2u.jpg
284,https://res.cloudinary.com/dt4sawqjx/image/upload/v1463682985/po0ks3wvjlwlmiw1wthd.jpg
285,https://res.cloudinary.com/dt4sawqjx/image/upload/v1463682986/j5oqhexqp4zmohkft34m.jpg
287,https://res.cloudinary.com/dt4sawqjx/image/upload/v1463682987/qzlpbu5kzctadvdrarws.jpg
289,https://res.cloudinary.com/dt4sawqjx/image/upload/v1463682988/eyjnbfpdeifv2v1jr65h.jpg
290,https://res.cloudinary.com/dt4sawqjx/image/upload/v1463682989/git9axogu4jg2ipiy4kd.jpg
291,https://res.cloudinary.com/dt4sawqjx/image/upload/v1463682990/ddv1eiz73ea2jianmv4q.jpg
292,https://res.cloudinary.com/dt4sawqjx/image/upload/v1463682991/qizdcmmbjgt1qbinv7ys.jpg
293,https://res.cloudinary.com/dt4sawqjx/image/upload/v1463682992/d4xdmlutnycimhq4ajqm.jpg
294,https://res.cloudinary.com/dt4sawqjx/image/upload/v1463682993/q7cu44km53dzcoowtgm4.jpg
295,https://res.cloudinary.com/dt4sawqjx/image/upload/v1463682994/v7tiacrufbuj3tnemtqn.jpg
296,https://res.cloudinary.com/dt4sawqjx/image/upload/v1463682995/neualtxttqowu0arikjw.jpg
297,https://res.cloudinary.com/dt4sawqjx/image/upload/v1463682996/zi1emsgtznhy0yd9iwhf.jpg
298,https://res.cloudinary.com/dt4sawqjx/image/upload/v1463682997/s9kz4zc7p62ibkxwyrzh.jpg
30,https://res.cloudinary.com/dt4sawqjx/image/upload/v1463682998/iqglbbxjmrkazknt7gif.jpg
300,https://res.cloudinary.com/dt4sawqjx/image/upload/v1463682998/jbuhvbmsrkyiezonktga.jpg
301,https://res.cloudinary.com/dt4sawqjx/image/upload/v1463683000/fayqvef0g8enfbsacxfo.jpg
303,https://res.cloudinary.com/dt4sawqjx/image/upload/v1463683001/f53ceu1svnxme49yfbrl.jpg
305,https://res.cloudinary.com/dt4sawqjx/image/upload/v1463683002/afpjcnhrmxmkleh8ghpc.jpg
307,https://res.cloudinary.com/dt4sawqjx/image/upload/v1463683003/c0w0kddk399rhrcvquww.jpg
308,https://res.cloudinary.com/dt4sawqjx/image/upload/v1463683004/mwfyp0jbvcgyx95ruaqy.jpg
31,https://res.cloudinary.com/dt4sawqjx/image/upload/v1463683005/aheeuzbl9kaudfhrkgw6.jpg
311,https://res.cloudinary.com/dt4sawqjx/image/upload/v1463683007/lm6vqebebx9iq8nrm34o.jpg
313,https://res.cloudinary.com/dt4sawqjx/image/upload/v1463683008/pynmdpx6snewzs4smdp4.jpg
314,https://res.cloudinary.com/dt4sawqjx/image/upload/v1463683009/c56600af23uhik1yklz6.jpg
315,https://res.cloudinary.com/dt4sawqjx/image/upload/v1463683010/bka9cd1qdl1qssfixexu.jpg
316,https://res.cloudinary.com/dt4sawqjx/image/upload/v1463683011/mxslvon38ir8zyhx9m3q.jpg
317,https://res.cloudinary.com/dt4sawqjx/image/upload/v1463683012/fxxngwgco4pzxgahahe9.jpg
318,https://res.cloudinary.com/dt4sawqjx/image/upload/v1463683013/pavqvy5rkbntujp0ih6n.jpg
32,https://res.cloudinary.com/dt4sawqjx/image/upload/v1463683014/sagxa8m3c7jtggbxrrhh.jpg
321,https://res.cloudinary.com/dt4sawqjx/image/upload/v1463683015/dqv0alim14hlst2xqxtu.jpg
322,https://res.cloudinary.com/dt4sawqjx/image/upload/v1463683016/pgodxhsmejilarozk9tt.jpg
323,https://res.cloudinary.com/dt4sawqjx/image/upload/v1463683017/fwdhedt3q0e5z6pplrso.jpg
324,https://res.cloudinary.com/dt4sawqjx/image/upload/v1463683017/lq47bcdso7pffe4d91f3.jpg
326,https://res.cloudinary.com/dt4sawqjx/image/upload/v1463683018/c7nca3b2ngjw6s6b0ce5.jpg
328,https://res.cloudinary.com/dt4sawqjx/image/upload/v1463683019/tjxanor8bbnifk8wjnjl.jpg
329,https://res.cloudinary.com/dt4sawqjx/image/upload/v1463683020/hh9qhrdix8jftatpd75k.jpg
330,https://res.cloudinary.com/dt4sawqjx/image/upload/v1463683021/eymnv9ef7lqya5nwjqa3.jpg
333,https://res.cloudinary.com/dt4sawqjx/image/upload/v1463683022/ef9elkgtutgtstypqcjg.jpg
334,https://res.cloudinary.com/dt4sawqjx/image/upload/v1463683023/bcra3eap5o2rwuuuvwhj.jpg
336,https://res.cloudinary.com/dt4sawqjx/image/upload/v1463683024/fajomezceobkh5xypkem.jpg
337,https://res.cloudinary.com/dt4sawqjx/image/upload/v1463683025/stic81rne2q0xdovoxee.jpg
338,https://res.cloudinary.com/dt4sawqjx/image/upload/v1463683026/jpa7xykxmkld9ikrfzfc.jpg
339,https://res.cloudinary.com/dt4sawqjx/image/upload/v1463683027/olvgifvpsv0sy2j3quf3.jpg
34,https://res.cloudinary.com/dt4sawqjx/image/upload/v1463683028/tie6cor77gwzk5gxznxe.jpg
343,https://res.cloudinary.com/dt4sawqjx/image/upload/v1463683029/uyi1ndi88ornvnme4s6p.jpg
344,https://res.cloudinary.com/dt4sawqjx/image/upload/v1463683030/gi831zno6q8hay4w5sk7.jpg
345,https://res.cloudinary.com/dt4sawqjx/image/upload/v1463683031/ap46wislntc3sxfmnlnm.jpg
346,https://res.cloudinary.com/dt4sawqjx/image/upload/v1463683032/ndrz8kujcb3d7ijhlvlq.jpg
35,https://res.cloudinary.com/dt4sawqjx/image/upload/v1463683033/rrxrganccsjmbfruqmbj.jpg
350,https://res.cloudinary.com/dt4sawqjx/image/upload/v1463683034/ijd502tywhs6geetsin6.jpg
353,https://res.cloudinary.com/dt4sawqjx/image/upload/v1463683034/jtuh7j1ay2nrd2ytv7ob.jpg
355,https://res.cloudinary.com/dt4sawqjx/image/upload/v1463683036/timnwb5uiw0oo0twd2sx.jpg
357,https://res.cloudinary.com/dt4sawqjx/image/upload/v1463683037/j1g4vhatxpcquvnlazdk.jpg
358,https://res.cloudinary.com/dt4sawqjx/image/upload/v1463683038/p4m9mbpb6xmudtiqrkfo.jpg
359,https://res.cloudinary.com/dt4sawqjx/image/upload/v1463683039/ok82skrkmezkndhjbraj.jpg
360,https://res.cloudinary.com/dt4sawqjx/image/upload/v1463683039/dyolszo7w9dldhbpbdab.jpg
362,https://res.cloudinary.com/dt4sawqjx/image/upload/v1463683040/p3y6pyybuec3dg5nd1cn.jpg
364,https://res.cloudinary.com/dt4sawqjx/image/upload/v1463683041/rnwqvwhxjwws7poubvnw.jpg
366,https://res.cloudinary.com/dt4sawqjx/image/upload/v1463683042/ipfijm2zottz79ntced7.jpg
367,https://res.cloudinary.com/dt4sawqjx/image/upload/v1463683044/roxhc8l5ua5m26ynuvux.jpg
368,https://res.cloudinary.com/dt4sawqjx/image/upload/v1463683045/yvdjrzkdi1hfhekkb7zi.jpg
369,https://res.cloudinary.com/dt4sawqjx/image/upload/v1463683046/jqb8ngvqbs6mubag8bat.jpg
371,https://res.cloudinary.com/dt4sawqjx/image/upload/v1463683046/emyhpbsoq9rvwxhzhpf4.jpg
372,https://res.cloudinary.com/dt4sawqjx/image/upload/v1463683047/n656tjevshskopv2kpvc.jpg
373,https://res.cloudinary.com/dt4sawqjx/image/upload/v1463683048/yktuhz2qltujxk2v8756.jpg
374,https://res.cloudinary.com/dt4sawqjx/image/upload/v1463683049/ey80vtnoe5pkljnwpqv5.jpg
375,https://res.cloudinary.com/dt4sawqjx/image/upload/v1463683050/w0yjfebfojndfzzzx1bo.jpg
376,https://res.cloudinary.com/dt4sawqjx/image/upload/v1463683051/w69xzn6c8qwygxkh6yzu.jpg
378,https://res.cloudinary.com/dt4sawqjx/image/upload/v1463683052/mucuvtd7hodignfnijht.jpg
379,https://res.cloudinary.com/dt4sawqjx/image/upload/v1463683053/ibydzntayizpotlzph1b.jpg
380,https://res.cloudinary.com/dt4sawqjx/image/upload/v1463683054/nwrpsilwl0fzml1galg6.jpg
381,https://res.cloudinary.com/dt4sawqjx/image/upload/v1463683055/pa1ym1qkfvjp5suyismm.jpg
382,https://res.cloudinary.com/dt4sawqjx/image/upload/v1463683056/tad9c2of34ljbhq5l2zz.jpg
383,https://res.cloudinary.com/dt4sawqjx/image/upload/v1463683057/bywpygjnzic9zftabobp.jpg
384,https://res.cloudinary.com/dt4sawqjx/image/upload/v1463683058/h3lwmpxjsnac2shudoyi.jpg
385,https://res.cloudinary.com/dt4sawqjx/image/upload/v1463683059/f87atif4j9wplwaku6hi.jpg
386,https://res.cloudinary.com/dt4sawqjx/image/upload/v1463683060/pvzowlwdqovr9rt7s0xj.jpg
388,https://res.cloudinary.com/dt4sawqjx/image/upload/v1463683061/ppbmrpfi7qzwdduwrqro.jpg
389,https://res.cloudinary.com/dt4sawqjx/image/upload/v1463683062/ifjes43r0qrlyvx5jbec.jpg
391,https://res.cloudinary.com/dt4sawqjx/image/upload/v1463683063/wyxce2qf2v1oako5qczz.jpg
392,https://res.cloudinary.com/dt4sawqjx/image/upload/v1463683064/oys8svrowjsmc7udev8n.jpg
393,https://res.cloudinary.com/dt4sawqjx/image/upload/v1463683065/oqyhpywmqta1hvm9ipdo.jpg
394,https://res.cloudinary.com/dt4sawqjx/image/upload/v1463683066/axsfxttzigvbf1bfvki8.jpg
395,https://res.cloudinary.com/dt4sawqjx/image/upload/v1463683067/fyazko9cz6brremk15b6.jpg
396,https://res.cloudinary.com/dt4sawqjx/image/upload/v1463683068/liwwdkkor7uepkwm5xwc.jpg
398,https://res.cloudinary.com/dt4sawqjx/image/upload/v1463683069/lkucnmmddgefvsx9fxtw.jpg
399,https://res.cloudinary.com/dt4sawqjx/image/upload/v1463683070/j0k9ybdxrbxaafvzc725.jpg
401,https://res.cloudinary.com/dt4sawqjx/image/upload/v1463683071/dkfd0xiuqdw1eqt7pgrz.jpg
403,https://res.cloudinary.com/dt4sawqjx/image/upload/v1463683072/ojsratjao88rf1ljx8kz.jpg
404,https://res.cloudinary.com/dt4sawqjx/image/upload/v1463683073/cssj4rz3qkza8ha8a5h8.jpg
405,https://res.cloudinary.com/dt4sawqjx/image/upload/v1463683073/ph5ia6p1nz7ffxkfgytx.jpg
407,https://res.cloudinary.com/dt4sawqjx/image/upload/v1463683074/dmzjyiutfsc27dfdtyq9.jpg
409,https://res.cloudinary.com/dt4sawqjx/image/upload/v1463683075/w4ndtkbwrr578xerjsvz.jpg
411,https://res.cloudinary.com/dt4sawqjx/image/upload/v1463683076/t81pgxj0tvv29pushvzp.jpg
412,https://res.cloudinary.com/dt4sawqjx/image/upload/v1463683077/te04yf8a0sjbvyyhj2ek.jpg
414,https://res.cloudinary.com/dt4sawqjx/image/upload/v1463683078/pl0yrqrd59xexoxzlwcz.jpg
415,https://res.cloudinary.com/dt4sawqjx/image/upload/v1463683079/fvfacfoep1ayhtuxqfnt.jpg
416,https://res.cloudinary.com/dt4sawqjx/image/upload/v1463683080/fvhcljwufkh8gd1tfecg.jpg
418,https://res.cloudinary.com/dt4sawqjx/image/upload/v1463683081/rnppqm6owzn590ueu85k.jpg
419,https://res.cloudinary.com/dt4sawqjx/image/upload/v1463683082/xsdyjsuj83pk00rjayy9.jpg
42,https://res.cloudinary.com/dt4sawqjx/image/upload/v1463683083/a0n5pdelk7rm5ifrdlvm.jpg
420,https://res.cloudinary.com/dt4sawqjx/image/upload/v1463683084/zgsuxxkq3boybzfna1eq.jpg
421,https://res.cloudinary.com/dt4sawqjx/image/upload/v1463683085/jkmjjn7m9k5whezcr2nd.jpg
422,https://res.cloudinary.com/dt4sawqjx/image/upload/v1463683086/cqybpa62oqqqjltkfkue.jpg
424,https://res.cloudinary.com/dt4sawqjx/image/upload/v1463683087/szf8t5suu9dqb7mdhoie.jpg
425,https://res.cloudinary.com/dt4sawqjx/image/upload/v1463683088/fdmo2yapdnspszsncjo0.jpg
426,https://res.cloudinary.com/dt4sawqjx/image/upload/v1463683089/fkhr8muym837gfmnaugf.jpg
427,https://res.cloudinary.com/dt4sawqjx/image/upload/v1463683090/r5pmim7anlfnkxkxd6la.jpg
429,https://res.cloudinary.com/dt4sawqjx/image/upload/v1463683091/h5eb4g4ye0aavsmcfupi.jpg
43,https://res.cloudinary.com/dt4sawqjx/image/upload/v1463683091/mzf3jrhorqm3fyzv0bby.jpg
430,https://res.cloudinary.com/dt4sawqjx/image/upload/v1463683093/cumv26bn1qwdke40xzof.jpg
431,https://res.cloudinary.com/dt4sawqjx/image/upload/v1463683093/ld3kodmxgnnbkgbgslgo.jpg
432,https://res.cloudinary.com/dt4sawqjx/image/upload/v1463683094/komtj0xpmksrdbef1rdo.jpg
436,https://res.cloudinary.com/dt4sawqjx/image/upload/v1463683095/dfirtbmbswnumjtbtl7i.jpg
437,https://res.cloudinary.com/dt4sawqjx/image/upload/v1463683096/zivtcw3teri5xtidurbr.jpg
438,https://res.cloudinary.com/dt4sawqjx/image/upload/v1463683097/nwhfjzfhrqcnepwefh6v.jpg
440,https://res.cloudinary.com/dt4sawqjx/image/upload/v1463683098/setuf9s2k3nh5lhkz4by.jpg
441,https://res.cloudinary.com/dt4sawqjx/image/upload/v1463683099/g5jxjmqm08s4c72cfcuh.jpg
442,https://res.cloudinary.com/dt4sawqjx/image/upload/v1463683100/zmsmna8uziyprvygxdpu.jpg
443,https://res.cloudinary.com/dt4sawqjx/image/upload/v1463683101/eqazdyj7yyerx5m66m7o.jpg
444,https://res.cloudinary.com/dt4sawqjx/image/upload/v1463683102/urhsegp5khkzurhta6us.jpg
445,https://res.cloudinary.com/dt4sawqjx/image/upload/v1463683103/nt2arowgujgxrqs8ieeg.jpg
447,https://res.cloudinary.com/dt4sawqjx/image/upload/v1463683104/mki9auzmumliqke3qzxp.jpg
448,https://res.cloudinary.com/dt4sawqjx/image/upload/v1463683105/wszlre4jcu3junzgrodf.jpg
450,https://res.cloudinary.com/dt4sawqjx/image/upload/v1463683106/lhs1hrzk5jblsimlnrdm.jpg
454,https://res.cloudinary.com/dt4sawqjx/image/upload/v1463683107/fkevhugfikr37jsnvfi0.jpg
455,https://res.cloudinary.com/dt4sawqjx/image/upload/v1463683108/xjekvocovur4rmxwo3fh.jpg
456,https://res.cloudinary.com/dt4sawqjx/image/upload/v1463683108/p81mw43tkkywuvvxqta7.jpg
457,https://res.cloudinary.com/dt4sawqjx/image/upload/v1463683109/kte8telvtiv9k5w9980v.jpg
458,https://res.cloudinary.com/dt4sawqjx/image/upload/v1463683110/bho9dr00ut0mlywqdvix.jpg
459,https://res.cloudinary.com/dt4sawqjx/image/upload/v1463683111/l1lxttpchtcur1q9o1ij.jpg
46,https://res.cloudinary.com/dt4sawqjx/image/upload/v1463683113/bluoj2fmdrxtpbi2mhrh.jpg
460,https://res.cloudinary.com/dt4sawqjx/image/upload/v1463683114/l29wyemkoficxqnrmdzy.jpg
461,https://res.cloudinary.com/dt4sawqjx/image/upload/v1463683115/flr8j5o2hpcyiefbt2o1.jpg
463,https://res.cloudinary.com/dt4sawqjx/image/upload/v1463683116/bavpbp0vs2ftmpmamksk.jpg
464,https://res.cloudinary.com/dt4sawqjx/image/upload/v1463683116/kn8cnvspix6rbmcxpsj6.jpg
467,https://res.cloudinary.com/dt4sawqjx/image/upload/v1463683117/fgcn61edgapxrgzvoabg.jpg
468,https://res.cloudinary.com/dt4sawqjx/image/upload/v1463683118/cvmpvzp7sgcbgrmrcimo.jpg
469,https://res.cloudinary.com/dt4sawqjx/image/upload/v1463683119/xmqtbduyaqjcf3y9mrih.jpg
47,https://res.cloudinary.com/dt4sawqjx/image/upload/v1463683120/mznpsdzlz4eqndshfnug.jpg
470,https://res.cloudinary.com/dt4sawqjx/image/upload/v1463683121/v8tnuplwzjdi6lheu5zb.jpg
471,https://res.cloudinary.com/dt4sawqjx/image/upload/v1463683121/ozkef6jqam8aqgbfus8c.jpg
472,https://res.cloudinary.com/dt4sawqjx/image/upload/v1463683122/v21ammn25g6ts0o2tcfm.jpg
473,https://res.cloudinary.com/dt4sawqjx/image/upload/v1463683123/fmqr0urfxlsqndhvjm3d.jpg
474,https://res.cloudinary.com/dt4sawqjx/image/upload/v1463683124/lsgqkfskd2rebd11lepj.jpg
475,https://res.cloudinary.com/dt4sawqjx/image/upload/v1463683125/hh8tyj6gy48onbnssrm1.jpg
476,https://res.cloudinary.com/dt4sawqjx/image/upload/v1463683126/pae9ajnhfnjo3nsswbex.jpg
477,https://res.cloudinary.com/dt4sawqjx/image/upload/v1463683127/nbutn4fncl68mldosmoy.jpg
480,https://res.cloudinary.com/dt4sawqjx/image/upload/v1463683128/nxiowzaizjdacjp0v3tq.jpg
481,https://res.cloudinary.com/dt4sawqjx/image/upload/v1463683128/ngenzvhfk36vpd9mi821.jpg
483,https://res.cloudinary.com/dt4sawqjx/image/upload/v1463683129/oikamfvvpcbvgnp786mm.jpg
484,https://res.cloudinary.com/dt4sawqjx/image/upload/v1463683130/sbofezcsojpvirfizd0o.jpg
485,https://res.cloudinary.com/dt4sawqjx/image/upload/v1463683131/czg7i1fctrwyxywnn1nh.jpg
487,https://res.cloudinary.com/dt4sawqjx/image/upload/v1463683132/calhpsdw8slzu0seyej0.jpg
488,https://res.cloudinary.com/dt4sawqjx/image/upload/v1463683133/wrmqfwmyac3ilkknwudx.jpg
490,https://res.cloudinary.com/dt4sawqjx/image/upload/v1463683134/dexr8xolxvyoqt9fpivu.jpg
491,https://res.cloudinary.com/dt4sawqjx/image/upload/v1463683135/gxs30zrykhxqeurdpplv.jpg
493,https://res.cloudinary.com/dt4sawqjx/image/upload/v1463683136/zjw9wgfoedvpxldwl1av.jpg
494,https://res.cloudinary.com/dt4sawqjx/image/upload/v1463683137/mlq3ynp6v1nox3qmwzem.jpg
495,https://res.cloudinary.com/dt4sawqjx/image/upload/v1463683138/pmzmurozygvke3shzmhu.jpg
496,https://res.cloudinary.com/dt4sawqjx/image/upload/v1463683139/osyfvbnhamvlelqlfcgf.jpg
497,https://res.cloudinary.com/dt4sawqjx/image/upload/v1463683140/jwwvxjups5ii9n814ncu.jpg
498,https://res.cloudinary.com/dt4sawqjx/image/upload/v1463683141/agshxbn3brwpoulluoqp.jpg
502,https://res.cloudinary.com/dt4sawqjx/image/upload/v1463683142/cfsjqksl1u30rfxfpdir.jpg
503,https://res.cloudinary.com/dt4sawqjx/image/upload/v1463683143/mhm1h52swbmaxcngu2z2.jpg
508,https://res.cloudinary.com/dt4sawqjx/image/upload/v1463683143/d4p9zxljplfukugyceos.jpg
509,https://res.cloudinary.com/dt4sawqjx/image/upload/v1463683144/tx3yagvmfttmje0vpgnl.jpg
51,https://res.cloudinary.com/dt4sawqjx/image/upload/v1463683145/bedxpeo5ukf2qdpizhsk.jpg
515,https://res.cloudinary.com/dt4sawqjx/image/upload/v1463683146/qktfqpp3cxsg3gr03tcg.jpg
53,https://res.cloudinary.com/dt4sawqjx/image/upload/v1463683148/fc06qbxjnblwn3qz7xca.jpg
54,https://res.cloudinary.com/dt4sawqjx/image/upload/v1463683148/eo2x1wju6aa7ruiw53bm.jpg
57,https://res.cloudinary.com/dt4sawqjx/image/upload/v1463683150/d6ulyqvhgwvwxvpgifd9.jpg
59,https://res.cloudinary.com/dt4sawqjx/image/upload/v1463683151/kuztenryd9ar0pymjb0l.jpg
61,https://res.cloudinary.com/dt4sawqjx/image/upload/v1463683152/c1wk5b565yrz7e6u0i6z.jpg
62,https://res.cloudinary.com/dt4sawqjx/image/upload/v1463683153/ejz5q2xbuduxbuee47sl.jpg
63,https://res.cloudinary.com/dt4sawqjx/image/upload/v1463683154/csj1obiz446gyzqtd3zn.jpg
64,https://res.cloudinary.com/dt4sawqjx/image/upload/v1463683154/lepggk0v45um5dqkcceu.jpg
65,https://res.cloudinary.com/dt4sawqjx/image/upload/v1463683155/lctdwoyqlfc7gy5pjhpf.jpg
66,https://res.cloudinary.com/dt4sawqjx/image/upload/v1463683156/bvsvfyaj2ul25ovystrl.jpg
67,https://res.cloudinary.com/dt4sawqjx/image/upload/v1463683157/dz63huw5jtwoddxpfcdi.jpg
68,https://res.cloudinary.com/dt4sawqjx/image/upload/v1463683158/lvi29jhtqqyejkkfqks0.jpg
69,https://res.cloudinary.com/dt4sawqjx/image/upload/v1463683159/xts833ubfemccvpmitgv.jpg
71,https://res.cloudinary.com/dt4sawqjx/image/upload/v1463683160/mc6uec4shodrelj6bf6d.jpg
72,https://res.cloudinary.com/dt4sawqjx/image/upload/v1463683161/qmfyz1tq8i6povzolldm.jpg
73,https://res.cloudinary.com/dt4sawqjx/image/upload/v1463683161/cqol4lol5orom5tnyjwf.jpg
75,https://res.cloudinary.com/dt4sawqjx/image/upload/v1463683162/agredfjx58pugr9g7wk0.jpg
76,https://res.cloudinary.com/dt4sawqjx/image/upload/v1463683163/cpvqmoualcxc8dnmen4g.jpg
78,https://res.cloudinary.com/dt4sawqjx/image/upload/v1463683164/bo7riwpy9lvp3w3lvxyy.jpg
79,https://res.cloudinary.com/dt4sawqjx/image/upload/v1463683166/sjskpc10wnf5efcb5o65.jpg
80,https://res.cloudinary.com/dt4sawqjx/image/upload/v1463683166/lvwmxkrgisgvmtqlnewf.jpg
81,https://res.cloudinary.com/dt4sawqjx/image/upload/v1463683167/fmo34werodtwq8hdjnha.jpg
83,https://res.cloudinary.com/dt4sawqjx/image/upload/v1463683168/ft3qrblt3sxq2kdcovp8.jpg
86,https://res.cloudinary.com/dt4sawqjx/image/upload/v1463683170/g8rlqtwmq8iywgiuw053.jpg
88,https://res.cloudinary.com/dt4sawqjx/image/upload/v1463683171/kbjudla4wm9axpo552d9.jpg
89,https://res.cloudinary.com/dt4sawqjx/image/upload/v1463683172/dje5klbcgvtamqtxj4tu.jpg
90,https://res.cloudinary.com/dt4sawqjx/image/upload/v1463683173/krb7puh2uecdkifcpnpt.jpg
91,https://res.cloudinary.com/dt4sawqjx/image/upload/v1463683174/ng2diby21po6sxemckf4.jpg
92,https://res.cloudinary.com/dt4sawqjx/image/upload/v1463683175/syutryjylpfy3doyenry.jpg
94,https://res.cloudinary.com/dt4sawqjx/image/upload/v1463683176/p1fbhaktq5yww7wfh8u1.jpg
95,https://res.cloudinary.com/dt4sawqjx/image/upload/v1463683177/tztx9vujouvmjhjxzrhh.jpg
96,https://res.cloudinary.com/dt4sawqjx/image/upload/v1463683179/qh37py1hks2dybykv1d0.jpg
97,https://res.cloudinary.com/dt4sawqjx/image/upload/v1463683180/zrigkwwlfypeiiowwfbv.jpg
98,https://res.cloudinary.com/dt4sawqjx/image/upload/v1463683181/bye1auumox9cnwl9jied.jpg
99,https://res.cloudinary.com/dt4sawqjx/image/upload/v1463683181/qfuo8qvjxks3k1ex32ia.jpg
